Original Name,Translated Name
SULPIRIDE,סולפיריד
MOXIFLOXACIN HYDROCHLORIDE OPHTHALMIC SOLUTION 0.5%,מוקסיפלוקסצין הידרוכלוריד תמיסה לעיניים 0.5%
TETRAHYDRAZOLINE,טטרהידרזולין
HYDROCOLLOID DRESSING,תחבושת הידרוקולואידית
CILAZAPRIL,צילאזאפריל
PHENELZINE,פנלזין
TRIMETHOPRIM,טרימתופרים
ISOCONAZOLE NITRATE,איזוקונאזול ניטראט
AMANTADINE SULPH,אמנטדין סולפט
ATROPINE SULPH,אטרופין סולפט
AMISULPRIDE,אמיסולפריד
CEFUROXIME SOD,צפירוקסים נתרן
SIMVASTATIN,סימבסטטין
DOXAZOSIN,דוקסזוסין
DIPYRONE,דיפירון
TRAMADOL HCK 37.5 MG+PARACETAMOL 325 MG,"טראמאדול HCL 37.5 מ""ג + פראצטמול 325 מ""ג"
BACLOFEN,באקלופן
NIFEDIPINE,ניפדיפין
TERBUTALINE SULPH,טרבוטלין סולפט
NICOTINE,ניקוטין
IMOVAX,אימובקס
ZOPICLONE,זופיקלון
CLOBAZAM,קלובאזם
CAFFEINE,קפאין
NEPAFENAC,נפפנאק
vital 1.5Kcal,ויטאל 1.5 קלוריות
CLONIRIT HCL,קלוניריט הידרוכלוריד
CALAMINE,קלמין
ECONAZOLE NITR,אקונאזול ניטראט
PIOGLITAZONE,פיוגליטזון
REBETOL,רבטול
MOXIFLOXACIN,מוקסיפלוקסצין
COLLAGEN,קולגן
VENLAFAXINE,ונלפקסין
CICLOPIROX,ציקלופירוקס
LEVOFLOXACIN,לבופלוקסצין
DONEPEZIL HCL,דונפזיל הידרוכלוריד
BROMAZEPAM,ברומאזפם
CHLORDIAZEPOXIDE,כלורדיאזפוקסיד
OXYMETAZOLINE HCL,אוקסימתזולין הידרוכלוריד
NORMAL SALINE,תמיסת מלח פיזיולוגית
CARBIDOPA,קרבידופה
SERTINDOLE,סרטינדול
MOMETASONE FURATE,מומטאזון פוראט
MULTIGRAD,מולטיגרד
PRAZOSIN HCL,פראזוסין הידרוכלוריד
AMIODARONE HCL,אמיודרון הידרוכלוריד
ZINC PICOLINATE (מחקר),אבץ פיקולינאט (מחקר)
PROMETHAZINE,פרומתאזין
CINANALCET HCL,צינקלסט הידרוכלוריד
OXYBUTININ,אוקסיבוטינין
PYRAZINAMIDE,פיראזינאמיד
NOVO NORDISK,נובו נורדיסק
RALOXIFENE,רלוקסיפן
BRIVARACETAM,בריברצטם
VORTIOXETINE,וורטיאוקסטין
POLYVIT,פוליווויט
ETRAVIRINE,אטראווירין
LORAZEPAM,לוראזפם
MEGAGLUFLEX,מגהגלופלקס
CEFTRIAXONE,צפטריאקסון
TRIAZOLAM,טריאזולאם
HARTMAN,הרטמן
BENZALKONIUM HCL,בנזלקוניום הידרוכלוריד
OXYCODONE HCL,אוקסיקודון הידרוכלוריד
TENOFOVIR,טנופוביר
ARIPIPRAZOLE,אריפיפרזול
NAPROXEN,נפרוקסן
BUPIVACAINE,בופיבקאין
METHYLPREDNISOLONE,מתילפרדניזולון
FESOTEROION FUMARATE,פזוטרולין פומראט
TYROTHRICIN,טירותריצין
BRIMONIDINE TART,ברימונידין טרטראט
METOCLOPRAMIDE,מטוקלופראמיד
GENTAMICIN,גנטמיצין
ICHTHYOL,איכטיול
buprenorphine+naloxone,בופרנורפין + נלוקסון
DIMETINDENUM,דימתינדן
CLOZAPINE,קלוזפין
MAGNESIUM,מגנזיום
SODIUM,נתרן
CALCIUM ACETATE,סידן אצטט
ADAPALENE,אדפאלן
TOPIRAMATE,טופירמט
VIT B1 THIAMINE,ויטמין B1 תיאמין
DIGOXIN,דיגוקסין
VIDAGLIPTIN,וידגליפטין
ZIPRASIDONE,זיפרסידון
ATENOLOL,אטנולול
Insulin Degludec,אינסולין דגלודק
ETHINYLOESTRADIOL,אתינילאסטרדיול
KETOTIFEN,קטוטיפן
GLYCERIL TRINITRATE,גליצריל טריניטרט
DOLUTEGRAVIR 50 mg;ABACAVIR 600 MG;LAMIVUDINE 300 MG,"דולוטגרוויר 50 מ""ג; אבאקוויר 600 מ""ג; למיבודין 300 מ""ג"
TOLNAFTATE,טולנפטאט
HYDROCORTISONE,הידרוקורטיזון
AZITHROMYCIN,אזיתרומיצין
VITAMIN K,ויטמין K
LISINOPRIL,ליזינופריל
DULOXETINE,דולוקסטין
CALCIUM CARBONATE,סידן קרבונט
NORGESTIMATE,נורגסטימט
CLOXACILLIN SOD,קלוקסצילין נתרן
TOFACITINIB,טופסיטיניב
IMIPRAMINE HCL,אימיפרמין הידרוכלוריד
ETHAMBUTOL,אתמבוטול
DULAGLUTIDE,דולגלוטיד
CYCLOPENTOLATE,ציקלופנטולט
BENZYL PEROXIDE,בנזיל פרוקסיד
dolutegravir\lamivudine,דולוטגרוויר\למיבודין
OXAZEPAM,אוקסאזפם
THYROXINE,תירוקסין
PROPRANOLOL HCL,פרופרנולול הידרוכלוריד
LETROZOLE,לטרוזול
TOXOID,טוקסואיד
GABAPENTIN,גבאפנטין
DILTIAZEM,דילטיאזם
OXCARBAZEPINE,אוקסקרבזפין
OFLO-AVENIR COL,אופלו-אווניר קול
GLYCERYL TRINITRATE 4 MG/G,"גליצריל טריניטרט 4 מ""ג/גרם"
AMLODIPINE,אמלודיפין
PROPERICIAZINE,פרופריציאזין
BUPRENORPHINE,בופרנורפין
CLOTRIMAZOLE,קלוטרימזול
PRIMIDONE,פרימידון
HYALURONATE,חומצה היאלורונית
INSULIN LYUMJEV KWK 100IU,אינסולין ליוםג'ב KWK 100IU
SULPHAMETHOXAZOLE,סולפמתוקסזול
INTERFERON BETA,אינטרפרון בטא
ONDANSETRON,אונדנסטרון
BROTIZOLAM,ברוטיזולם
SILVER SULFADIAZINE,סילבר סולפדיאזין
ST. JOHN'S WORT DRYEXT/HYPERICUM PERFORATUM,תמצית יבשה של פרע (Hypericum Perforatum)
FLUOROMETHOLONE,פלואורומתולון
PENICILLAMINE,פניצילאמין
ISOTRETINOIN,איזוטרטינואין
CLODRONATE,קלודרונט
LANSOPRAZOLE,לנסופרזול
Paraffin+Lanolin,פרפין + לנולין
FILGRSTIN,פילגראסטין
AMANTADINE SULPHATE,אמנטדין סולפט
CINNARIZINE,צינריזין
DEXPANTHENOL,דקספנטנול
BUPROPION,בופרופיון
Darbepoetin alfa,דרבפואטין אלפא
BENSERAZIDE,בנזרזיד
FERROUS FUMARATE,ברזל פומראט
VALSARTAN,ולסרטן
CALCIUM,סידן
ESTRIOL,אסטריול
CLOMIPRAMINE HCL,קלומיפרמין הידרוכלוריד
PERHYDROL OXYDOL,פרהידרול אוקסידול
LABETALOL HCL,לבטאלול הידרוכלוריד
ELVITEGRAVIR 150MG + COBICISTAR 150MG + EMTRICITABINE 200MG + TENOFOVIR 10MG,"אלויטגרוויר 150 מ""ג + קוביציסטאר 150 מ""ג + אמטריסיטאבין 200 מ""ג + טנופוביר 10 מ""ג"
SOTALOL,סוטלול
MAG. CARB,מגנזיום קרבונט
EZETIMIBE;ATORVASTATIN,איזטימיב; אטורווסטטין
FAMOTIDINE,פאמוטידין
ISOPROPYL MYRISTATE,איזופרופיל מיריסטאט
MERCAPTOPURINE,מרקפטופורין
XYLOMETHAZOLINE HCL,קסילומטזולין הידרוכלוריד
ADerma Exomega Cream,קרם אדרמה אקסומגה
POLYSTYRENE SULPHONATE,פוליסטירן סולפונט
FLUOXETINE HCL,פלואוקסטין הידרוכלוריד
FLUOCINOLONE,פלואוצינולון
PERPHENAZINE,פרפנאזין
CHLORAMPHENICOL,כלוראמפניקול
CLINDAMYCIN HYDROCHLORIDE,קלינדמיצין הידרוכלוריד
TIMOLOL MALEATE,טימולול מלטאט
CICLOPIROXOLAMINE,ציקלופירוקסולאמין
BISMUTH SUBSALICYLATE,ביסמות סבסליצילאט
PREDNISOLONE,פרדניזולון
ACETYLCYSTEINE,אצטילציסטאין
AZATHIOPRINE,אזתיופרין
sofosbuvir,סופוסבוביר
DEXTROMETHORPHAN HBR,דקסטרומטורפן הידרובורומיד
ISOSORBIDE DINITRATE,איזוסורביד דיניטראט
"BIGUANIDE,DAPAGLIFOZIN,METFORMIN","ביגואניד, דפגליפוזין, מטפורמין"
DEXACHLORPHENIRAMINE,דקסכלורפניראמין
FLUPENTIXOL DECANOATE,פלופנטיקסול דקאונאט
PERMETHRIN,פרמטרין
PHENOBARBITAL SOD,פנוברביטל נתרן
GESTODENE/ETHINYLESTRADIOL,גסטודן/אתינילאסטרדיול
ZOLPIDEM TARTARATE,זולפידם טרטראט
AMOXYCILLIN,אמוקסיצילין
MAPROTILINE HCL,מפרוטילין הידרוכלוריד
VITAMIN D,ויטמין D
PHENYLHYDRARGYRI,פנילהידררגירי
ROPINIROLE,רופינירול
CLORIMIPRAMINE HCL,קלורימיפרמין הידרוכלוריד
SITAGLIPTIN/METFORMIN,סיטגליפטין/מטפורמין
ZINC SULPH,אבץ סולפט
RIZATRIPTAN,ריזטריפטן
ALFACALCIDOL,אלפאקלצידול
CROTAMITON,קרוטמיטון
DESLORATADINE,דסלורטדין
MEDROXYPROGESTERONE ACETATE,מדרוקסיפרוגסטרון אצטט
CLINDAMYCIN PHOSPHATE 1%,קלינדמיצין פוספט 1%
METHIMAZOLE,מתימאזול
LIPOSOMAL,ליפוזומלי
PAPAVERIN HYDROCHLORIDE,פפברין הידרוכלוריד
APIXABAN,אפיקסבן
PENFLURIDOL,פנפלורידול
SULTHIAME,סולטיאם
AZELASTINE HYDROCHLORIDE,אזלסטין הידרוכלוריד
NORETHISTERONE ACET,נורתיסטרון אצטט
DIHYDROXYVITAMIN D3,דיהידרוקסיוויטמין D3
LYSINE,ליזין
SOMATOTROPHIN,סומטוטרופין
ALPRAZOLAM,אלפראזולם
SULPHASALAZINE,סולפסלזין
COLCHICINE,כולכיצין
AVODART,אבודרט
GABA,גאבא
CETOMACROGOL,צטומקרוגול
APIDRA,אפידרה
BISOPROLOL,ביסופרולול
CETIRIZINE,צטיריזין
INDOMETHACIN,אינדומתצין
FLUCONAZOLE,פלוקונאזול
BROMHEXINE HCL,ברומהקסין הידרוכלוריד
BENZOYL PEROXIDE,בנזואיל פראוקסיד
CHLORHEXIDINE GLUC,כלורהקסידין גלוקונאט
BECLOMETHASONE,בקלאומתזון
FLUTICASONE FUROATE/VILATEROL,פלוטיקזון פורואט/וילטרול
PARACETAMOL,פאראצטמול
MEBEVERINE HCL,מבברין הידרוכלוריד
ENOXAPARIN,אנוקספרין
POLYETHYLENE GLYCOL,פוליאתילן גליקול
SULPHONYLUREA GLIMEPIRIDE,סולפונילאוריאה גלימפיריד
INSULIN,אינסולין
HUMALOG,הומאלוג
LORNOXICAN,לורנוקסיקן
CYPROTERONE,ציפרוטרון
COVID 19 mRNA VACCINE,חיסון mRNA לקורונה
ASCORBIC ACID,חומצה אסקורבית
DABIGATRAN ETEXILLATE,דביגטרן אתקסילאט
LERCANIDIPINE HCL,לרקנדיפין הידרוכלוריד
ANTIBACTERIAL ENZYME SYSTEM,מערכת אנזימים אנטיבקטריאלית
MAG.HYDROX,מגנזיום הידרוקסיד
MORPHINE SULPH,מורפין סולפט
BRINZOLAMIDE,ברינזולמיד
DICLOFENAC POTASSIUM,דיקלופנק פוטסיום
METHADONE,מתדון
SEMAGLUTIDE,סמגלוטייד
INSULIN SEMAGLUTIDE,אינסולין סמגלוטייד
SIMETHICONE,סימטיקון
TAMSULOSIN HCI,טמסולוזין הידרוכלוריד
SALICYLIC ACID,חומצה סליצילית
SOD.HYALURONATE,סודיום היאלורונט
BIPERIDEN,ביפרידן
LAMOTRIGINE,למוטריג'ין
TIOTROPIUM,טיוטרופיום
FLUMETHASONE,פלומתאזון
HYDROXYUREA,הידרוקסיוריאה
50 MG VIDAGLIPTIN / 850 MG METFORMIN,"50 מ""ג וידגליפטין / 850 מ""ג מטפורמין"
SUPERLUNCH,סופרלאנץ'
PICOLAX,פיקולקס
ERYTHROMYCIN,אריתרומיצין
DIET,דיאטה
CLOBETASOL PROPIONATE,קלובטאזול פרופיונאט
SOD. BIPHOS,סודיום ביפוספט
MEMANTINE,ממנטין
NYSTATIN,ניסטטין
TRAMADOL HCL,טרמדול הידרוכלוריד
FERROUS CALC. CITY,פרוס קלציום סיטי
SEVELAMER,סוולאמר
DIAZEPAM,דיאזפאם
INSULIN DEGLUDEC 100 UNITS/ML + LIRAGLUTIDE 3.6 ML/MG,"אינסולין דגלודק 100 יח'/מ""ל + לירגלוטייד 3.6 מ""ל/מ""ג"
HEXAMINE HIPP,הקסמין היפוראתי
ZUCLOPENTHIXOL DECANOATE,זוקלופנתיקסול דקנואט
BISMUTH OXYCHLORIDE,ביסמות אוקסיכלוריד
PREGABALIN,פרגאבאלין
CARBOCYSTEINE,קרבוסיסטאין
AMPHETAMINE/DEXTROAMPHETAMINE,אמפטמין/דקסטרואמפטמין
BETHANECOL CHLOR,בתאנכול כלוריד
BENZOCAINE,בנזוקאין
TERBINAFINE HYDROCHLORIDE,טרבינאפין הידרוכלוריד
CLOPIDOGREL,קלופידוגרל
BETAHISTINE,בטאהיסטין
FELODIPINE,פלודיפין
DIMETHYLPOLYSILOXANE,דימתילפוליסילוקסאן
SOD. PHOS,סודיום פוספט
SALBUTAMOL,סלבותמול
DIFLUCORTOLONE,דיפלוקורטולון
SEVELAMER CARBONATE ANHYDROUS,סוולאמר קרבונט נטול מים
MEPYRAMINE MALEATE,מפיראמין מאליאט
VITAMIN E,ויטמין E
MYCOPHENOLATE MOFETIL,מיקופנולאט מופטיל
ABOUND,אבאונד
ERDOSTEINE,ארדוסטאין
CAPECITABINE,קפציטבין
MOCLOBEMIDE,מוקלובמיד
SOD. VALPROATE,סודיום ולפרואט
MIANSERIN HCL,מיאנסרין הידרוכלוריד
HEXACHLORIDE GAMMA BENZENE,גמא בנזן הקסהכלוריד
NICOUMALONE,ניקומאלון
EMTRICITABINE,אמטריסיטאבין
DOLUTEGRAVIR,דולוטגרוויר
"VALSARTAN ,AMLODIPINE BESYLATE","ואלסרטן, אמלודיפין בזילאט"
BENZYL BENZOATE,בנזיל בנזואט
VITAMIN A,ויטמין A
GUAIPHENESIN,גואיפנסין
BEZAFIBRATE,בזפיבראט
LAXIN FORTE,לקסין פורטה
Ethinylestradiol 0.02 mg/Desogestrel 0.15 mg,"אתינילאסטרדיול 0.02 מ""ג/דסוגסטרל 0.15 מ""ג"
PAROXETINE,פרוקסטין
MILNACIPRAN,מילנאציפרן
CHARCOAL,פחם
IRON,ברזל
GRAZOPREVIR/ELBASVIR,גרזופרביר/אלבסוויר
TICAGRELOR,טיקאגרלור
FOLIC ACID,חומצה פולית
PROPAFENONE HCL,פרופאפון הידרוכלוריד
CARBOXYMETHYLCELLULOSE SODIUM 0.5%,קרבוקסימתילצלולוז סודיום 0.5%
PROPRANOLOL,פרופראנולול
BIMONIDINE TART,ברימונידין טרטראט
CETOMACROGOL CF,קטומקרוגול CF
RANITIDINE,רניטידין
Multi-care,מולטי-קייר
LAMIVUDINE,למיבודין
VERAPAMIL,וראפמיל
INSULIN GLARGINE 300U,אינסולין גלרגין 300U
CELECOXIB,סלקוקסיב
BICALUTAMIDE,ביקאלוטמיד
UREA,אוריאה
Glecaprevir-pibrentasvir,גלקפרביר-פיברנטסוויר
PREDNISONE,פרדניזון
CLINDAMYCIN HCL,קלינדמיצין הידרוכלוריד
FOSFOMYCIN,פוספומיצין
PILOCARPINE,פילוקרפין
FLUNISOLIDE,פלוניסוליד
SAXAGLIPTIN,סקסגליפטין
FERROUS SULPH,ברזל סולפט
TROLAMINE,טרולאמין
ACETYLSALICYLIC ACID,חומצה אצטילסליצילית
LIQUIFILM,ליקוויפילם
UNDECYLENATE,אונדסילנט
TRETINOIN (SEE VIT.A),טרטינואין (ראה ויטמין A)
ACETYL-SALICYLIC ACID,חומצה אצטיל-סליצילית
TOLTERODINE TARTRATE,טולטירודין טרטראט
CHLORION GONADOTROPHIN,כלוריון גונדוטרופין
LEVETIRACETAM,לוויטיראצטם
DAPAGLIFLOZIN,דפגליפלוזין
TROSPIUM CHLORIDE,טרוספיום כלוריד
PRAVASTATIN SOD,פראבאסטטין סודיום
TRICLOSAN,טריקלוסן
BIFONAZOLE,ביפונאזול
PHENAZOPYRIDINE,פנאזופירידין
brexpiprazole,ברקספיפראזול
RIBAVIRIN,ריבאווירין
lisdexamfetamine dimesylate,ליסדקסאמפטמין דימזילאט
BETAMETHASONE+CALCIPOTRIOL,בטאמטאזון+קלציפוטריאול
MONTELUKAST SOD,מונטלוקאסט סודיום
CARBAMIDE,קרבמיד
OXERUTIN,אוקסרוטין
WARFARIN,וורפרין
PENTOXIFYLLINE,פנטוקסיפילין
ENTACAPONE,אנטקפון
ACYCLOVIR,אציקלוביר
CARVEDILOL,קרבדילול
Bosentan,בוסנטן
DASATINIB,דסאטיניב
SOD. SULFACETAMIDE,סודיום סולפסצטמיד
FANAPT,פנאפט
CALCIUM GLUBIONATE,סידן גלוביאונט
PROCYCLIDINE,פרוסיקלידין
TRANEXAMIC ACID,חומצה טרנקסמית
RIFAMPICIN,ריפמפיצין
AMANTADINE HCL,אמנטדין הידרוכלוריד
LEVODOPA,לבודופה
PHENYTOIN SOD,פניטואין סודיום
PANCREATIN,פנקראטין
PANTOPRAZOLE,פנטופראזול
DICYCLOMINE HCL,דיקיקלומין הידרוכלוריד
VITAMIN B,ויטמין B
FLUTICASONE PROPIONATE,פלוטיקזון פרופיונאט
ASPIRIN,אספירין
TERBINAFINE,טרבינאפין
ROXITHROMYCIN,רוקסיתרומיצין
DIPYRIDAMOLE,דיפירידאמול
AMPHOTERICIN B,אמפוטריצין B
SALMETEROL,סלמטרול
CLARITHROMYCIN,קלריתרומיצין
ZOLMITRIPTAN,זולמיטריפטן
Tramadol Hcl 37.5mg/paracetamol 325mg,"טרמדול הידרוכלוריד 37.5 מ""ג/פאראצטמול 325 מ""ג"
LIXISENATIDE,ליקסיסנטייד
SUMATRIPTAN,סומטריפטן
PANTHINOL,פנתינול
COAL TAR,זפת פחם
CIPROFIBRATE,ציפרופיבראט
IBUPROFEN,איבופרופן
TRAVAPROST,טרוואפרוסט
GONADOTROPHIN,גונדוטרופין
FLUDROCORTISONE,פלודרוקורטיזון
SELENIUM,סלניום
LIGNOCAIN HCL,לידוקאין הידרוכלוריד
ISONIAZIDE,איזוניאזיד
ZUCLOPENTHIXOL ACUPHASE,זוקלופנתיקסול אקופאז
REPAGLINIDE,רפגליניד
PERMIXON,פרמיקסון
PRASUGREL HCI,פראסוגרל הידרוכלוריד
PRENATAL MULTI-VITAMINS,מולטי-ויטמינים פרנטליים
GOSERELIN,גוסרלין
MIRTAZAPINE,מירטזאפין
HYDRALAZINE,הידראלאזין
NEOMYCIN SULPH,ניאומיצין סולפט
DORZOLAMIDE HCL,דורזולמיד הידרוכלוריד
HYDROCOLLOIS GEL,ג'ל הידרוקולואידי
LOPERAMIDE,לופרמיד
Glucerna Plus Advance,גלוסרנה פלוס אדוונס
CLOTIAPINE,קלוטיאפין
SOD. CHLORIDE,נתרן כלוריד
Empagliflozin,אמפגליפלוזין
GLYCERINE,גליצרין
TETRA BENAZINE,טטרבנאזין
COMPLEX,קומפלקס
DESMOPRESSIN,דסמופרסין
CODEINE PHOS,קודאין פוספט
AMETHOCAINE,אמטוקאין
FLUVASTATIN SOD,פלובסטטין סודיום
AFLUMYCIN CREAM CF,קרם אפלומיצין CF
LIDOCAINE+Nifedipine 3 mg,"לידוקאין + ניפדיפין 3 מ""ג"
RISPERIDONE,ריספרידון
LOSARTAN POTASS,לוסרטן פוטסיום
TAMOXIFEN,טמוקסיפן
INSULIN GLULISINE,אינסולין גלוליזין
METHYLPHENIDATE,מתילפנידאט
MEBENDAZOLE,מבנדאזול
URSODEOXYCHOLIC ACID,חומצה אורסודאוקסיכולית
ENALAPRIL MALEATE,אנלאפריל מלט
POTASSIUM CHLOR,אשלגן כלוריד
CEFACLOR,צפאקלור
FLUOROURACIL,פלואורואורציל
ESTRADIOL,אסטרדיול
DICLOFENAC SOD,דיקלופנק סודיום
MEGESTROL ACETATE,מגסטרול אצטט
OXYTOCIN,אוקסיטוצין
BROMOCRIPTINE,ברומוקריפטין
CHLORPROMAZINE,כלורפרומאזין
LORATADINE,לوراتדין
MULTIVITAMINS 5,מולטי ויטמינים 5
CARBAMAZEPINE,קרבמזפין
DAPAGLIFLOZIN 5 mg+METFORMIN HCL 1000 mg,"דפגליפלוזין 5 מ""ג + מטפורמין הידרוכלוריד 1000 מ""ג"
VANCOMYCIN HCL,ונקומיצין הידרוכלוריד
INSULIN GLARGINE,אינסולין גלרגין
Losartan potassium 50mg/hydrochlorothiazide 12.5 mg,"לוסרטן פוטסיום 50 מ""ג/הידרוכלורותיאזיד 12.5 מ""ג"
EMTRICITABINE 200 mg / TENOFOVIR  DISOPROXIL  245 mg,"אמטריסיטאבין 200 מ""ג / טנופוביר דיסופרוקסיל 245 מ""ג"
CHOLECALCIFEROL,כולקלציפרול
INSULIN LISPRO,אינסולין ליספרו
CITALOPRAM,ציטאלופראם
PHENOLPHTHALEIN,פנולפתלאין
NALOXONE,נלוקסון
I.INFLUENZA VACCINE 4 TYPE,חיסון שפעת 4 סוגים
STANDARD,סטנדרט
DEXAMETHASONE,דקסמתזון
CARBARYL,קרבאריל
TETRACYCLINE HCL,טטרציקלין הידרוכלוריד
EFAVIRENZ,אפווירנז
TRIAMCINOLONE,טריאמצינולון
PARFIN OIL,שמן פרפין
daclatasvir,דקלתסוויר
ALENDRONATE,אלנדרונאט
DRONEDARONE HCL,דרונדרון הידרוכלוריד
BISOPROLOL FUMURATE,ביסופרולול פומראט
PROPYLTHIORACIL,פרופילתיורציל
CHLORPHENIRAMINE MALEATE,כלורפניראמין מלט
LEVOCOBASTINE,לבוקובסטין
LOPINAVIR,לופינוויר
VITAMIN B12,ויטמין B12
XANTHINOL NICOTINATE,קסנתינול ניקוטינאט
HYDROXYCHLOROQUINE  SULPH,הידרוקסיכלורוקין סולפט
DIPHENHYDRAMINE HCL,דיפנהידרמין הידרוכלוריד
DEXTRAN 70,דקסטרן 70
METHYL SALICYLATE,מתיל סליצילאט
PALIPERIDONE PALMITATE,פליפרידון פלמיטאט
OLANZEPINE,אולנזפין
CILAZAPRIL + HCTZ,סילאזאפריל + HCTZ
ESKETAMINE,אסקטאמין
SENNA,סנה
ORLISTAT,אורליסטאט
CLORAZEPATE DIPOTASSIUM,קלוראזפט דיפוטסיום
Sildenafil 20mg,"סילדנפיל 20 מ""ג"
PHENOXYMETHYLPENICILLIN,פנוקסימתילפניצילין
SOD. FUSIDATE,סודיום פוסידאט
FEXOFENADINE,פקסופנאדין
CICLOSPORIN,ציקלוספורין
POTASSIUM,אשלגן
ISOTHIPENDYL,איזותיפנדיל
FLUVOXAMINE MALEATE,פלובוקסאמין מלט
PSEUDO - EPHEDRINE,פסאודו-אפדרין
CABERGOLINE,קברגולין
BUSPIRONE HCL,בוספירון הידרוכלוריד
METOLAZONE,מטולאזון
HYDROXYZINE HCL,הידרוקסיזין הידרוכלוריד
EXENATIDE,אקסנטייד
PALIPERIDONE,פליפרידון
LINAGLIPTIN,לינאגליפטין
ALUMIN HYDROX,אלומיניום הידרוקסיד
METHOTREXATE,מתוטרקסט
PIROXICAM AS B-CYCLODEXTRIN,פירוקסיקם כבי-ציקלודקסטרין
FLECAINIDE ACET,פלוקאיניד אצטט
PIMOZIDE,פימוזיד
EZETIMIBE,אזטימיב
CARBOCAINE,קרבוקאיין
H2O,מים
NITRAZEPAM,ניטראזפאם
FLUPHENAZINE,פלופנאזין
VASODIP COMBO,ואזודיפ קומבו
ALPHA D 3,אלפא די 3
METEONIDAZOLE,מטרונידזול
ORPHENADRINE,אורפנדרין
BENZANTHINE PENICILLIN G,בנזנתין פניצילין ג'
ALFUZOSINE HCL,אלפוזוסין הידרוכלוריד
lubricant,חומר סיכה
NORTRIPTYLINE HCI,נורטריפטילין הידרוכלוריד
METOPROLOL TART,מטופרולול טרטראט
MEROKEN,מרוקן
MIRABEGRON,מירבגרון
"CALCIPOTRIOL AS HYDRATE 50 MG/G, BETAMETHASONE AS DIPROPIONATE 0.5 MG/G","קלציפוטריאול הידראט 50 מ""ג/ג' ובטאמטזון דיפרופיונאט 0.5 מ""ג/ג'"
TAMSULOSIN HCL,טמסולוזין הידרוכלוריד
ACETRETIN,אצטטרטין
TESTOSTERONE ENANTHATE,טסטוסטרון אננתט
INACTIVATED SPLIT INFLUENZA VACCINE,חיסון שפעת מפוצל מומת
RIVAROXABAN,ריברוקסבאן
OMEPRAZOLE,אומפרזול
LEVOTHYROXINE SODIUM,לבותירוקסין נתרן
BUPRENORFIN,בופרנורפין
FORMOTEROL FUMARATE,פורמוטרול פומראט
TACROLIMUS,טקרולימוס
SALICYLIC ACID 10% OINT,משחת חומצה סליצילית 10%
MUPIROCIN,מופירוצין
QUETIPINE,קווטיאפין
CHENIC ACID,חומצה חניתית
LACTULOSE,לקטולוז
LIQUID IRON,ברזל נוזלי
CARIPRAZINE,קריפרזין
SULFAMETHOXAZOLE+TRIMETHOPRIM,סולפמתוקסאזול + טרימטופרים
RAMIPRIL,רמיפריל
VALERIAN,ולריאן
PHENYLPROPANOLAMINE,פנילפרופנולאמין
FLUARIX,פלואריקס
Insulin Biphasic Aspart,אינסולין בי-פאזי אספרט
DOMPERIDONE,דומפרידון
SOLIFENACIN SUCCINATE,סוליפנסין סוקסינט
Olodaterol,אולודטרול
TERAZOSIN,טראזוזין
BISACODYL,ביסאקודיל
MELATONIN,מלטונין
OXYCONDONE HCL,אוקסיקודון הידרוכלוריד
FLUPENTIXOL DIHCL,פלופנטיקסול דיהידרוכלוריד
BUTENAFINE HCL,בוטנפין הידרוכלוריד
MINOXIDIL,מינוקסידיל
ANAGRELIDE HCL,אנגרליד הידרוכלוריד
CINNARIZINE 25 MG,"צינריזין 25 מ""ג"
INDAPAMIDE,אינדפמיד
HYDROXYPROPYLMETHYLCELLULOSE,הידרוקסיפרופילמתילצלולוז
SODIUM BICARBONATET,נתרן ביקרבונט
PALPERIDONE,פליפרידון
QUINAGOLIDE HCL,קינאגוליד הידרוכלוריד
COPOLYMER -1,קופולימר 1
SPIRONOLACTONE,ספירונולקטון
INH RELVAR ELLIPTA 92 MCG,"אינהלציה רלבר אליפטה 92 מק""ג"
THIORIDAZINE,תיורידאזין
ZOLPIDEM,זולפידם
AMITRIPTYLINE,אמיטריפטילין
LITHIUM CARBONATE,ליתיום קרבונט
Cetirizine Hydrochloride,צטיריזין הידרוכלוריד
FENTANYL,פנטניל
LEVOMEPROMAZINE,לבומפרומזין
CLONAZEPAM,קלונאזפם
CEPHALEXIN,צפלקסין
VELPATASVIR\SOFOSBUVIR,ולפטסוויר\סופוסבוביר
LACOSAMIDE,לקוסמיד
NEOMYCIN,ניאומיצין
SODIUM CHLORIDE,נתרן כלוריד
ZUCLOPENTHIXOL,זוקלופנטיקסול
metFORMIN,מטפורמין
FLUTICASONE/UMECIDINIUM/VILANTEROL,פלוטיקזון/אומצידיניום/וילנטרול
BIMATOPROST,בימאטופרוסט
BETAMETHASONE,בטאמטזון
GLIBENCLAMIDE,גליבנקלמיד
TRIHEXYPHENIDYL,טריהקסיפנידיל
RIVASTIGMINE HYDROGEN TART,ריבסטיגמין הידרוגן טרטראט
ESCITALOPRAM,אסקיטלופרם
DOXYCYCLINE,דוקסיציקלין
CAPTOPRIL,קפטופריל
ETORICOXIB,אטוריקוקסיב
LIRAGLUTIDE,לירגלוטיד
MODAFINIL,מודפיניל
POVIDONE IODINE,פובידון יוד
AMLODIPINE BESYLATE,אמלודיפין בזילאט
VITA-CAL+D,ויטה-קל+די
raltegravir,רלטגרביר
CLINDAMYCIN( as phosphate) 1%w/w BENZOIL PEROXIDE (as hydrous) 5 % w/w,קלינדמיצין (כפוספט) 1% במשקל/משקל בנזואיל פרוקסיד (כהידרוס) 5% במשקל/משקל
REBOXITIN,רבוקסטין
RISPEREDON,ריספרידון
DESOGESTREL,דזוגסטרל
ROSUVASTATIN,רוזובסטטין
VITAMINS,ויטמינים
ISOSORBIDE MONONITRATE,איזוסורביד מונוניטרט
DUPIXENT,דופיקסנט
DONEPEZIL,דונפזיל
BICTEGRAVIR/EMTRICITABINE/TENOFOVIR ALAFENAMIDE,ביקטגרביר/אמטריציטאבין/טנופוביר אלאפנאמיד
CEFAZOLIN,צפזולין
ROSIGLTAZONE,רוזיגליטזון
HYDROCHLOROTHIAZIDE,הידרוכלורתיאזיד
GLIPIZIDE,גליפיזיד
ASENAPINE,אסנאפין
PLUVITON,פלוביטון
SERTRALINE HCL,סרטרלין הידרוכלוריד
ESOMEPRAZOLE,אסומפרזול
ALLOPURINOL,אלופורינול
POLYMYXIN SULPH,פולימיקסין סולפט
ETODOLAC,אטודולאק
TOBRAMYCIN,טוברמיצין
VARENICLINE,ורניקלין
SITAGLIPTIN AND METFORMIN,סיטגליפטין ומטפורמין
OSELTAMIVIR,אוסלטמיביר
TRICLOFOS SOD,טריקלופוס נתרן
LIDOCAINE HCL,לידוקאין הידרוכלוריד
MINOCYCLINE HCL,מינוקסיקילין הידרוכלוריד
LAVENDER OIL,שמן לבנדר
CLONIDINE HCL,קלונידין הידרוכלוריד
BUDESONIDE,בודזוניד
CHLORPROTHIXENE,כלורפרוטיקסן
VITAMIN B6,ויטמין B6
HYDROXYCARBAMIDE,הידרוקסיקרבמיד
HEPARIN,הפארין
METRONIDAZOLE,מטרונידזול
LOSARTAN,לוסרטן
GRANISETRON,גרניסטרון
ATORVASTATIN,אטורווסטטין
DOXEPIN,דוקספין
ACARBOSE,אקרבוז
fluticasone (as furoate),פלוטיקזון (כפורואט)
Olopatadine Hydrochloride,אולופטדין הידרוכלוריד
MICONAZOLE,מיקונאזול
TRAZODONE,טרזודון
IMATINIB MESYLATE,אימטיניב מסילאט
EASYWHEY,איזיוווי
CANDESARTAN 16MG + HYDROCHLOROTHIAZIDE 12.5MG,"קנדסארטן 16 מ""ג + הידרוכלורתיאזיד 12.5 מ""ג"
VIREAD,ויראד
RITONAVIR,ריטונביר
FUROSEMIDE,פורוסמיד
LATANOPROST,לטנופרוסט
THEOPHYLLINE ANHYD,תיאופילין אניהידרוס
IPRATROPIUM BROM,איפראטרופיום ברומיד
NEVIRAPINE,נביראפין
OLANZAPINE,אולנזפין
CIPROFLOXACIN,ציפרופלוקסצין
CALCIPOTRIOL,קלציפוטריאול
NITROFURANTOIN,ניטרופורנטואין
ILOPERIDONE,אילופרידון
ANASTROZOLE,אנאסטרזול
EPOEITIN ALPHA,אריתרופויטין אלפא
KCL,אשלגן כלוריד
ANTIPYRINE,אנטיפירין
CEFTAZIDIME,צפטזידיים
Pioglitazone (as HCl),פיוגליטזון (כמלח הידרוכלורי)
DESIPRAMINE HCL,דסיפראמין הידרוכלוריד
OFLOXACIN,אופלוקסצין
KETOCONAZOLE,קטוקונאזול
I.INFLUENZA VACCINE 4 TYPES FLUARIXP TETRA.VAXIGRIP TETRA,חיסון שפעת 4 סוגים פלואריקס טטרה/וואקסיגריפ טטרה
TDAP,"טטנוס, דיפתריה ושעלת"
CAPSAICIN,קפסאיצין
UMECLIDINIUM/VILANTEROL,אומקלידיניום/וילנטרול
HALOPERIDOL,הלופרידול
AMINO SALICYLIC ACID,חומצה אמינו סליצילית
ZINC OXIDE,אבץ אוקסיד
AETAZOLAMIDE,אצטאזולמיד
1/2 STANDARD,חצי תקן
PHENOXYBENZAMINE HCL,פנוקסיבנזאמין הידרוכלוריד
ALFUZOSIN,אלפוזוסין
FINASTERIDE,פינסטריד
PROPYLENE GLYCOL,פרופילן גליקול
CANDESARTAN CILEXETIL,קנדסארטן צילקסטיל
MEMANTINE HCL,ממנטין הידרוכלוריד
EASY DRINK,איזידרינק
ATOMOXETINE,אטומוקסטין
FUSIDIC ACID,חומצה פוסידית
DUTASTERIDE,דוטסטריד
